processes,one,two,four,megatron
1,1.0,1.0,1.0,1.0
2,1.767283485641132,1.5272790488365133,1.6463094619227803,1.64
4,2.008367767298903,2.232725698332673,2.3384586122856477,2.34