processes,one,two,four,megatron
1,1.0,1.0,1.0,1.0
2,1.208,1.452544407057295,1.6647672626109191,1.64
4,2.013333333333333,2.035658297225856,2.2552662728623667,2.34