processes,one,two,four,megatron
1,1.0,1.0,1.0,1.0
2,1.6206855409656462,1.8221608100107283,1.9190426133958172,1.64
4,2.2673653450648845,2.555334038091098,2.717038241964395,2.34