processes,one,two,four,megatron
1,1,1,1,1
2,1.6011727320245461,1.8225871754449583,1.9224486114225745,1.64
4,2.279220368545145,2.534912181886932,2.7009646302250805,2.34